Cod.;Giocatore;Squadra;Ruolo;Quotazione
9;BARONI Marco;LAZIO;M;42
34;BOCCHETTI Salvatore;MONZA;M;11
35;CONCEICAO Sergio;MILAN;M;30
11;CONTE Antonio;NAPOLI;M;46
12;D'AVERSA Roberto;EMPOLI;M;16
13;DE ROSSI Daniele;ROMA;M;18
14;DI FRANCESCO Eusebio;VENEZIA;M;14
15;FABREGAS Cesc;COMO;M;22
16;FONSECA Paulo;MILAN;M;22
17;GASPERINI Gian Piero;ATALANTA;M;48
31;GIAMPAOLO Marco;LECCE;M;19
18;GILARDINO Alberto;GENOA;M;18
19;GOTTI Luca;LECCE;M;16
20;INZAGHI Simone;INTER;M;47
21;ITALIANO Vincenzo;BOLOGNA;M;38
30;JURIC Ivan;ROMA;M;18
22;MOTTA Thiago;JUVENTUS;M;34
23;NESTA Alessandro;MONZA;M;13
24;NICOLA Davide;CAGLIARI;M;26
25;PALLADINO Raffaele;FIORENTINA;M;23
26;PECCHIA Fabio;PARMA;M;16
32;RANIERI Claudio;ROMA;M;32
27;RUNJAIC Kosta;UDINESE;M;23
28;VANOLI Paolo;TORINO;M;25
33;VIEIRA Patrick;GENOA;M;25
29;ZANETTI Paolo;VERONA;M;12
169;AUDERO Emil;COMO;P;7
100;BAGNOLINI Nicola;BOLOGNA;P;1
101;BERARDI Alessandro;VERONA;P;1
167;BERTINATO Bruno;VENEZIA;P;1
102;BOER Pietro;ROMA;P;1
103;BRANCOLINI Federico;EMPOLI;P;1
182;BUTEZ Jean;COMO;P;2
104;CAPRILE Elia;CAGLIARI;P;19
105;CARNESECCHI Marco;ATALANTA;P;33
106;CHICHIZOLA Leandro;PARMA;P;1
107;CHIORRA Niccolo;EMPOLI;P;1
108;CHRISTENSEN Oliver;FIORENTINA;P;1
174;CIOCCI Giuseppe;CAGLIARI;P;1
109;CONTINI Nikita;NAPOLI;P;1
110;CORVI Edoardo;PARMA;P;1
111;CRAGNO Alessio;MONZA;P;19
170;DE GEA David;FIORENTINA;P;30
112;DI GENNARO Raffaele;INTER;P;1
113;DI GREGORIO Michele;JUVENTUS;P;29
173;DONNARUMMA Antonio;TORINO;P;1
114;FALCONE Wladimiro;LECCE;P;12
115;FRUCHTL Christian;LECCE;P;1
116;FURLANETTO Alessio;LAZIO;P;1
117;GEMELLO Luca;TORINO;P;1
118;GOLLINI Pierluigi;ROMA;P;5
119;GORI Stefano;JUVENTUS;P;1
120;GRANDI Matteo;VENEZIA;P;1
121;JORONEN Jesse;VENEZIA;P;2
122;LEALI Nicola;GENOA;P;22
123;MAIGNAN Mike;MILAN;P;33
124;MANDAS Christos;LAZIO;P;1
184;MARCONE Richard;PARMA;P;1
175;MARIN Renato;ROMA;P;1
125;MARTINELLI Tomasso;FIORENTINA;P;1
126;MARTINEZ Josep;INTER;P;1
181;MAZZA Andrea;MONZA;P;1
127;MERET Alex;NAPOLI;P;43
128;MILINKOVIC Vanja;TORINO;P;34
129;MONTIPO' Lorenzo;VERONA;P;2
130;MUSSO Juan;ATALANTA;P;8
131;NAVA Lapo;MILAN;P;1
168;NAVAS Keylor;MONZA;P;5
132;OKOYE Maduka;UDINESE;P;11
133;PADELLI Daniele;UDINESE;P;1
134;PALEARI Alberto;TORINO;P;1
135;PERILLI Simone;VERONA;P;1
136;PERIN Mattia;JUVENTUS;P;8
137;PERISAN Samuele;EMPOLI;P;1
138;PINSOGLIO Carlo;JUVENTUS;P;1
172;PIZZIGNACCO Semuel;MONZA;P;5
139;POPA Mihai;TORINO;P;1
140;PROVEDEL Ivan;LAZIO;P;24
141;RADU Ionut;VENEZIA;P;1
142;RADUNOVIC Boris;CAGLIARI;P;1
143;RAVAGLIA Federico;BOLOGNA;P;8
144;REINA Pepe;COMO;P;7
145;RINALDI Filippo;PARMA;P;1
146;ROSSI Francesco;ATALANTA;P;1
179;RUI PATRICIO -;ATALANTA;P;6
147;RYAN Mathew;ROMA;P;1
176;SAMOOJA Jasper;LECCE;P;1
177;SAVA Razvan;UDINESE;P;3
148;SCUFFET Simone;NAPOLI;P;8
180;SEGHETTI Jacopo;EMPOLI;P;1
183;SELVIK Egil;UDINESE;P;1
149;SEMPER Adrian;COMO;P;18
166;SHERRI Alen;CAGLIARI;P;1
185;SIEGRIST Benjamin;GENOA;P;1
150;SILVESTRI Marco;EMPOLI;P;19
151;SKORUPSKI Lukasz;BOLOGNA;P;27
152;SOMMARIVA Daniele;GENOA;P;1
153;SOMMER Yann;INTER;P;44
154;SORRENTINO Alessandro;MONZA;P;1
155;SPORTIELLO Marco;MILAN;P;1
156;STANKOVIC Filip;VENEZIA;P;14
157;STOLZ Franz;GENOA;P;1
158;SUZUKI Zion;PARMA;P;3
159;SVILAR Mile;ROMA;P;27
160;SZCZESNY Wojciech;JUVENTUS;P;34
161;TERRACCIANO Pietro;FIORENTINA;P;23
171;TORRIANI Lorenzo;MILAN;P;1
178;TURATI Stefano;MONZA;P;10
162;VANNUCCHI Tommaso;FIORENTINA;P;1
163;VASQUEZ Devis;EMPOLI;P;7
164;VIGORITO Mauro;COMO;P;1
165;VIOLA Antonino;LECCE;P;1
200;ABANKWAH James;UDINESE;D;4
430;ABDULHAMID Saud;ROMA;D;12
201;ACERBI Francesco;INTER;D;30
451;AHANOR Honest;GENOA;D;3
459;AIDOO Mike;INTER;D;1
202;ALTARE Giorgio;VENEZIA;D;18
203;AMORAN Peter;PARMA;D;1
204;ANGELINO Jose;ROMA;D;32
205;AUGELLO Tommaso;CAGLIARI;D;20
206;AZZI Paulo;CAGLIARI;D;9
207;BAKKER Mitchel;ATALANTA;D;15
449;BALCOT Come;TORINO;D;1
208;BALOGH Botond;PARMA;D;10
209;BANI Mattia;GENOA;D;22
210;BARBA Federico;COMO;D;8
421;BARONCELLI Leonardo;FIORENTINA;D;1
404;BARTESAGHI Davide;MILAN;D;3
211;BASCHIROTTO Federico;LECCE;D;21
212;BASTONI Alessandro;INTER;D;49
213;BELAHYANE Reda;LAZIO;D;7
214;BELLANOVA Raoul;ATALANTA;D;42
458;BEMBNISTA Dawid;EMPOLI;D;1
215;BENKOVIC Filip;UDINESE;D;7
216;BETTELLA Davide;MONZA;D;3
217;BEUKEMA Sam;BOLOGNA;D;33
218;BIJOL Jaka;UDINESE;D;22
219;BIRAGHI Cristiano;TORINO;D;26
220;BIRINDELLI Samuele;MONZA;D;15
221;BISSECK Yann Aurel;INTER;D;30
222;BONFANTI Giovanni;ATALANTA;D;1
223;BONIFAZI Kevin;LECCE;D;7
454;BORDON Felipe;LAZIO;D;1
440;BRADARIC Domagoj;VERONA;D;11
224;BREMER Gleison;JUVENTUS;D;30
473;BRORSSON Arvid;MONZA;D;5
225;BUCHANAN Tajon;INTER;D;18
226;BUONGIORNO Alessandro;NAPOLI;D;40
227;BUSATO Lorenzo;VENEZIA;D;1
228;BUTA Leonardo;UDINESE;D;1
229;CABAL Juan;JUVENTUS;D;19
230;CACACE Liberato;EMPOLI;D;15
231;CALABRIA Davide;BOLOGNA;D;22
232;CALAFIORI Riccardo;BOLOGNA;D;31
233;CALDIROLA Luca;MONZA;D;11
234;CAMBIASO Andrea;JUVENTUS;D;33
468;CANDE Fali;VENEZIA;D;6
235;CANDELA Antonio;VENEZIA;D;6
236;CARBONI Andrea;MONZA;D;11
441;CARBONI Franco;VENEZIA;D;4
237;CARLOS AUGUSTO -;INTER;D;42
238;CASALE Nicolò;BOLOGNA;D;16
239;CASSANDRO Tommaso;COMO;D;7
240;CECCHERINI Federico;VERONA;D;11
241;CELIK Zeki;ROMA;D;14
242;CHATZIDIAKOS Pantelis;CAGLIARI;D;14
243;CIRCATI Alessandro;PARMA;D;11
244;COBBAUT Elias;PARMA;D;5
245;COCO Saul;TORINO;D;20
246;COMENENCIA Livano;JUVENTUS;D;1
247;COMUZZO Pietro;FIORENTINA;D;15
248;COPPOLA Diego;VERONA;D;11
249;CORAZZA Tommaso;BOLOGNA;D;5
456;CORRADI Christian;VERONA;D;1
464;COSTA Alberto;JUVENTUS;D;15
250;COULIBALY Woyo;PARMA;D;9
429;CUADRADO Juan;ATALANTA;D;24
252;CURTO Marco;COMO;D;10
253;D'AMBROSIO Danilo;MONZA;D;5
405;DAHL Samuel;ROMA;D;13
443;DANILIUC Flavius;VERONA;D;12
254;DANILO -;JUVENTUS;D;26
433;DANSO Kevin;ROMA;D;21
255;DARMIAN Matteo;INTER;D;38
256;DAWIDOWICZ Pawel;VERONA;D;8
257;DE SCIGLIO Mattia;EMPOLI;D;10
258;DE SILVESTRI Lorenzo;BOLOGNA;D;24
259;DE VRIJ Stefan;INTER;D;39
260;DE WINTER Koni;GENOA;D;20
261;DEL PRATO Enrico;PARMA;D;22
262;DEMBELE Ali;TORINO;D;7
263;DI CHIARA Gianluca;PARMA;D;6
264;DI LORENZO Giovanni;NAPOLI;D;48
265;DI PARDO Alessandro;CAGLIARI;D;5
266;DIMARCO Federico;INTER;D;57
267;DJALO Tiago;JUVENTUS;D;15
268;DJIMSITI Berat;ATALANTA;D;39
269;DODO -;FIORENTINA;D;27
270;DORGU Patrick;LECCE;D;20
271;DOSSENA Alberto;COMO;D;15
272;DUMFRIES Denzel;INTER;D;55
273;EBOSELE Festy;UDINESE;D;13
274;EBOSSE Enzo;UDINESE;D;2
275;EBUEHI Tyronne;EMPOLI;D;14
276;EHIZIBUE Kingsley;UDINESE;D;18
416;EMERSON ROYAL -;MILAN;D;18
412;ERLIC Martin;BOLOGNA;D;13
410;ESTEVES Goncalo;UDINESE;D;13
277;FARAONI Davide;VERONA;D;15
278;FARES Mohamed;LAZIO;D;6
279;FELLIPE JACK -;COMO;D;2
280;FLORENZI Alessandro;MILAN;D;12
281;FONTANAROSA Alessandro;INTER;D;3
282;FRABOTTA Gianluca;JUVENTUS;D;3
407;FRESE Martin;VERONA;D;13
463;FRESNEDA Ivan;COMO;D;11
283;GABBIA Matteo;MILAN;D;21
471;GABRIEL Tiago;LECCE;D;4
284;GALLO Antonino;LECCE;D;21
317;GASPAR Kialonda;LECCE;D;13
285;GATTI Federico;JUVENTUS;D;31
286;GENDREY Valentin;LECCE;D;12
453;GHILARDI Daniele;VERONA;D;4
287;GIANNETTI Lautaro;UDINESE;D;12
438;GIGOT Samuel;LAZIO;D;28
288;GILA Mario;LAZIO;D;29
289;GODFREY Ben;ATALANTA;D;17
290;GOGLICHIDZE Saba;EMPOLI;D;3
291;GOLDANIGA Edoardo;COMO;D;10
292;GOLIC Lovro;ROMA;D;1
483;GOMEZ Valentin;UDINESE;D;4
293;GONZALEZ Facundo;JUVENTUS;D;6
439;GOSENS Robin;FIORENTINA;D;35
427;GUILBERT Frederic;LECCE;D;12
294;HAPS Ridgeciano;VENEZIA;D;6
295;HATEBOER Hans;ATALANTA;D;15
296;HEFTI Silvan;GENOA;D;9
447;HERMOSO Mario;ROMA;D;16
297;HERNANDEZ Theo;MILAN;D;28
298;HIEN Isak;ATALANTA;D;31
299;HOLM Emil;BOLOGNA;D;23
300;HRUSTIC Ajdin;VERONA;D;5
301;HUIJSEN Dean;JUVENTUS;D;11
448;HUMMELS Mats;ROMA;D;24
302;HYSAJ Elseid;LAZIO;D;20
303;IDZES Jay;VENEZIA;D;14
304;ILIC Mihajlo;BOLOGNA;D;9
305;IOANNOU Nicholas;COMO;D;13
306;IOVINE Alessio;COMO;D;13
307;ISMAJLI Ardian;EMPOLI;D;21
308;IZZO Armando;MONZA;D;10
428;JEAN Gaby;LECCE;D;12
309;JESUS Juan;NAPOLI;D;22
310;JIMENEZ Alex;MILAN;D;11
311;KABASELE Christian;UDINESE;D;14
312;KALULU Pierre;JUVENTUS;D;29
313;KAMARA Hassane;UDINESE;D;20
314;KAMENOVIC Dimitrije;LAZIO;D;2
315;KARSDORP Rick;ROMA;D;12
316;KAYODE Michael;FIORENTINA;D;14
476;KELLY Lloyd;JUVENTUS;D;13
434;KEMPF Marc-Oliver;COMO;D;19
318;KOLASINAC Sead;ATALANTA;D;34
432;KOSSOUNOU Odilon;ATALANTA;D;26
319;KOVACIK Peter;COMO;D;11
320;KRISTENSEN Thomas;UDINESE;D;16
321;KUMBULLA Marash;ROMA;D;12
322;KYRIAKOPOULOS Georgios;MONZA;D;13
323;LAZARO Valentino;TORINO;D;28
324;LAZZARI Manuel;LAZIO;D;23
474;LEKOVIC Stefan;MONZA;D;1
431;LEONI Giovanni;PARMA;D;8
462;LOVIK Mathias;PARMA;D;5
411;LUCCHESI Lorenzo;VENEZIA;D;14
325;LUCUMI Jhon;BOLOGNA;D;26
326;LUPERTO Sebastiano;CAGLIARI;D;22
327;LYKOGIANNIS Charalampos;BOLOGNA;D;24
328;MAGNANI Giangiacomo;VERONA;D;8
329;MANCINI Gianluca;ROMA;D;31
330;MARCANDALLI Alessandro;VENEZIA;D;1
331;MARI Pablo;FIORENTINA;D;17
332;MARIANUCCI Luca;EMPOLI;D;1
337;MARIN Rafa;NAPOLI;D;14
333;MARIO RUI Silva Duarte;NAPOLI;D;18
436;MARIPAN Guillermo;TORINO;D;23
334;MARTIN Aaron;GENOA;D;21
335;MARTINEZ QUARTA Lucas;FIORENTINA;D;30
336;MARUSIC Adam;LAZIO;D;31
338;MASINA Adam;TORINO;D;18
339;MATTURRO Alan;GENOA;D;6
340;MAZZOCCHI Pasquale;NAPOLI;D;21
341;MILENKOVIC Nikola;FIORENTINA;D;23
342;MINA Yerry;CAGLIARI;D;16
343;MIRANDA Juan;BOLOGNA;D;24
446;MODESTO Rui;UDINESE;D;12
455;MONTERO Alfonso;JUVENTUS;D;1
344;MORENO Alberto;COMO;D;13
437;MORENO Matias;FIORENTINA;D;5
251;MUNOZ Cristo;LAZIO;D;1
345;NATAN -;NAPOLI;D;11
346;NDICKA Evan;ROMA;D;28
481;NELSSON Victor;ROMA;D;11
419;NORTON-CUFFY Brooke;GENOA;D;12
347;NUNO TAVARES -;LAZIO;D;32
348;OBERT Adam;CAGLIARI;D;14
349;ODENTHAL Cas;COMO;D;12
408;OKOU Yllan;VERONA;D;10
350;OLIVERA Mathías;NAPOLI;D;30
351;OSORIO Yordan;PARMA;D;10
352;OSTIGARD Leo;NAPOLI;D;12
465;OTOA Sebastian;GENOA;D;5
472;OYEGOKE Daniel;VERONA;D;3
426;PALACIOS Tomas;MONZA;D;4
423;PALESTRA Marco;ATALANTA;D;1
452;PALMA Matteo;UDINESE;D;1
418;PALOMINO José Luis;CAGLIARI;D;21
353;PARISI Fabiano;FIORENTINA;D;17
354;PATRIC -;LAZIO;D;16
355;PAVARD Benjamin;INTER;D;33
409;PAVLOVIC Strahinja;MILAN;D;32
424;PEDERSEN Marcus;TORINO;D;18
356;PELLEGRINI Luca;LAZIO;D;24
357;PELLEGRINO Marco;MILAN;D;6
415;PELMARD Andy;LECCE;D;7
358;PEREIRA Pedro;MONZA;D;8
360;PEREZ Alex;INTER;D;1
359;PEREZ Nehuen;UDINESE;D;22
361;PEZZELLA Giuseppe;EMPOLI;D;14
362;PIEROZZI Niccolo;FIORENTINA;D;6
422;PITTINO Tommaso;GENOA;D;1
363;PONGRACIC Marin;FIORENTINA;D;19
364;POSCH Stefan;ATALANTA;D;26
457;POSTIGLIONE Nicolo;MONZA;D;1
480;PROVSTGAARD Oliver;LAZIO;D;5
417;PUBILL Marc;ATALANTA;D;13
365;RANIERI Luca;FIORENTINA;D;23
467;RENSCH Devyne;ROMA;D;19
425;ROBERTO Sergi;COMO;D;21
366;ROMAGNOLI Alessio;LAZIO;D;30
367;ROUHI Jonas;JUVENTUS;D;3
368;RRAHMANI Amir;NAPOLI;D;45
369;RUGANI Daniele;JUVENTUS;D;14
370;RUGGERI Matteo;ATALANTA;D;33
371;SABELLI Stefano;GENOA;D;21
413;SAGRADO Richie;VENEZIA;D;5
372;SALA Marco;LECCE;D;9
478;SALAH-EDDINE Anass;ROMA;D;8
444;SAMBIA Junior;EMPOLI;D;8
403;SANGARE Buba;ROMA;D;1
414;SAVONA Nicolo;JUVENTUS;D;23
373;SAZONOV Saba;EMPOLI;D;6
374;SCALVINI Giorgio;ATALANTA;D;23
435;SCHINGTIENNE Joel;VENEZIA;D;5
375;SCHUURS Perr;TORINO;D;20
475;SCOTT Elijah;LECCE;D;1
477;SLOTSAGER Tobias;VERONA;D;4
376;SMAJLOVIC Zinedin;LECCE;D;2
377;SMALLING Chris;ROMA;D;24
479;SMOLCIC Ivan;COMO;D;5
461;SOLET Oumar;UDINESE;D;16
378;SOPPY Brandon;ATALANTA;D;10
420;SOSA Borna;TORINO;D;24
379;SPINAZZOLA Leonardo;NAPOLI;D;35
380;STOJANOVIC Petar;EMPOLI;D;13
381;SVERKO Marin;VENEZIA;D;11
382;TERRACCIANO Filippo;MILAN;D;12
383;THIAW Malick;MILAN;D;23
384;TIKVIC Antonio;UDINESE;D;1
385;TOLOI Rafael;ATALANTA;D;16
386;TOMORI Fikayo;MILAN;D;21
450;TOSTO Lorenzo;EMPOLI;D;1
442;TOURE Isaak;UDINESE;D;12
387;VALENTI Lautaro;PARMA;D;6
460;VALENTINI Nicolas;VERONA;D;5
388;VALERI Emanuele;PARMA;D;18
482;VALLE Alex;COMO;D;5
445;VAN DER BREMPT Ignace;COMO;D;20
389;VANHEUSDEN Zinho;INTER;D;5
406;VARANE Raphael;COMO;D;27
390;VASQUEZ Johan;GENOA;D;26
470;VEIGA Danilo;LECCE;D;6
469;VEIGA Renato;JUVENTUS;D;15
391;VENUTI Lorenzo;LECCE;D;11
402;VITI Mattia;EMPOLI;D;17
392;VOGLIACCO Alessandro;PARMA;D;12
393;VOJVODA Mergim;COMO;D;17
466;WALKER Kyle;MILAN;D;25
394;WALUKIEWICZ Sebastian;TORINO;D;16
395;WIETESKA Mateusz;CAGLIARI;D;8
396;ZAMPANO Francesco;VENEZIA;D;16
397;ZANOLI Alessandro;GENOA;D;20
398;ZAPPA Gabriele;CAGLIARI;D;22
399;ZAPPACOSTA Davide;ATALANTA;D;36
400;ZEMURA Jordan;UDINESE;D;16
401;ZORTEA Nadir;CAGLIARI;D;30
500;ABILDGAARD Oliver;COMO;C;17
501;ADLI Yacine;FIORENTINA;C;34
502;ADOPO Ndary;CAGLIARI;C;16
503;ADZIC Vasilije;JUVENTUS;C;3
504;AEBISCHER Michel;BOLOGNA;C;16
505;AGOUME Lucien;INTER;C;6
506;AKPA AKPRO Jean-Daniel;MONZA;C;10
736;ALLI Dele;COMO;C;24
507;AMATUCCI Lorenzo;FIORENTINA;C;1
508;AMRABAT Sofyan;FIORENTINA;C;26
509;ANAS Mohamed;PARMA;C;4
510;ANDERSON Andre;LAZIO;C;2
511;ANGUISSA André Zambo;NAPOLI;C;57
713;ANJORIN Tino;EMPOLI;C;18
512;ARTHUR -;JUVENTUS;C;18
513;ASLLANI Kristjan;INTER;C;23
716;ATTA Arthur;UDINESE;C;10
728;BACCI Jacopo;EMPOLI;C;1
514;BADELJ Milan;GENOA;C;25
515;BALDANZI Tommaso;ROMA;C;26
516;BALLET Samuel;COMO;C;7
517;BARAK Antonin;FIORENTINA;C;24
518;BARELLA Nicolò;INTER;C;63
519;BASELLI Daniele;COMO;C;11
520;BASIC Toma;LAZIO;C;14
521;BEGIC Tjas;PARMA;C;5
719;BELARDINELLI Luca;EMPOLI;C;1
522;BELLEMO Alessandro;COMO;C;15
523;BENNACER Ismael;MILAN;C;24
725;BERENBRUCH Thomas;INTER;C;1
524;BERISHA Medon;LECCE;C;13
525;BERNABE Adrian;PARMA;C;32
744;BERNEDE Antoine;VERONA;C;9
696;BIANCO Alessandro;MONZA;C;4
734;BILLING Philip;NAPOLI;C;11
526;BLIN Alexis;LECCE;C;18
527;BOHINEN Emil;GENOA;C;10
528;BONDO Warren;MILAN;C;15
529;BOVE Edoardo;FIORENTINA;C;31
530;BRAUNODER Matthias;COMO;C;6
700;BRESCIANINI Marco;ATALANTA;C;39
531;BUSIO Gianluca;VENEZIA;C;19
695;BYAR Naim;BOLOGNA;C;1
532;CAJUSTE Jens;NAPOLI;C;11
533;CALHANOGLU Hakan;INTER;C;58
534;CAMARA Drissa;PARMA;C;14
535;CANCELLIERI Matteo;PARMA;C;19
733;CAQUERET Maxence;COMO;C;17
741;CASADEI Cesare;TORINO;C;18
703;CASSA Federico;ATALANTA;C;1
536;CASTROVILLI Gaetano;MONZA;C;21
537;CATALDI Danilo;FIORENTINA;C;30
538;CHAJIA Moutir;COMO;C;9
539;CHUKWUEZE Samuel;MILAN;C;35
705;CIAMMAGLICHELLA Aaron;TORINO;C;1
540;CIURRIA Patrick;MONZA;C;20
541;COLPANI Andrea;FIORENTINA;C;33
723;COMI Pietro;ATALANTA;C;1
732;CONDE Cheick;VENEZIA;C;11
542;CORFITZEN Jeppe;LECCE;C;1
699;COULIBALY Lassana;LECCE;C;18
543;CRISTANTE Bryan;ROMA;C;21
544;CRNIGOJ Domen;VENEZIA;C;11
743;CUENCA Hugo;GENOA;C;1
545;CYPRIEN Wylan;PARMA;C;14
546;D'ALESSANDRO Marco;MONZA;C;13
547;DA CUNHA Lucas;COMO;C;24
548;DANI SILVA -;VERONA;C;11
549;DARBOE Ebrima;ROMA;C;7
550;DE ROON Marten;ATALANTA;C;46
551;DEGLI INNOCENTI Duccio;EMPOLI;C;4
552;DEIOLA Alessandro;CAGLIARI;C;16
553;DEL PUPO Isaias;CAGLIARI;C;2
554;DELE-BASHIRU Fisayo;LAZIO;C;28
556;DOUGLAS LUIZ -;JUVENTUS;C;29
557;DOUMBIA Issa;VENEZIA;C;4
558;DUDA Ondrej;VERONA;C;23
559;DUNCAN Alfred;VENEZIA;C;14
560;EDERSON -;ATALANTA;C;52
694;EKKELENKAMP Jurgen;UDINESE;C;26
561;EL AZZOUZI Oussama;BOLOGNA;C;12
562;EL HADDAD Saad;VENEZIA;C;1
563;EL SHAARAWY Stephan;ROMA;C;43
739;ELMAS Eljif;TORINO;C;19
692;ENGELHARDT Yannick;COMO;C;20
564;ESTEVEZ Nahuel;PARMA;C;17
565;FABBIAN Giovanni;BOLOGNA;C;30
566;FAGIOLI Nicolo;FIORENTINA;C;22
567;FATICANTI Giacomo;LECCE;C;3
568;FAZZINI Jacopo;EMPOLI;C;15
686;FELICI Mattia;CAGLIARI;C;18
569;FERGUSON Lewis;BOLOGNA;C;40
570;FIORDILINO Luca;VENEZIA;C;5
701;FOFANA Youssouf;MILAN;C;35
571;FOLORUNSHO Michael;FIORENTINA;C;24
702;FORTINI Niccolo;FIORENTINA;C;1
572;FRATTESI Davide;INTER;C;54
573;FRENDRUP Morten;GENOA;C;33
574;FREULER Remo;BOLOGNA;C;34
575;GAETANO Gianluca;CAGLIARI;C;21
576;GAGLIARDINI Roberto;MONZA;C;16
715;GILMOUR Billy;NAPOLI;C;15
577;GINEITIS Gvidas;TORINO;C;18
730;GIOIELLI Francesco;NAPOLI;C;1
578;GONZALEZ Joan;LECCE;C;15
745;GOURNA-DOUATH Lucas;ROMA;C;13
579;GRASSI Alberto;EMPOLI;C;11
683;GRAZIANI Leonardo;ROMA;C;1
580;GUENDOUZI Matteo;LAZIO;C;41
581;HAAS Nicolas;EMPOLI;C;13
582;HAINAUT Antoine;PARMA;C;8
583;HARROUI Abdou;VERONA;C;22
718;HASA Luis;NAPOLI;C;3
688;HELGASON Thorir;LECCE;C;14
584;HENDERSON Liam;EMPOLI;C;14
585;HERNANI -;PARMA;C;24
586;HORVATH Krisztofer;TORINO;C;3
735;IBRAHIMOVIC Arijon;LAZIO;C;10
587;ILIC Ivan;TORINO;C;24
709;ILING-JUNIOR Samuel;BOLOGNA;C;20
588;ILKHAN Emirhan;TORINO;C;6
589;INFANTINO Gino;FIORENTINA;C;7
590;JAGIELLO Filip;GENOA;C;11
591;JAJALO Mato;VENEZIA;C;9
592;JANKTO Jakub;CAGLIARI;C;13
691;JOAO COSTA -;ROMA;C;1
593;KABA Mohamed;LECCE;C;10
693;KARLSTROM Jesper;UDINESE;C;19
708;KASA Lior;GENOA;C;4
689;KASTANOS Grigoris;VERONA;C;17
712;KEITA Mandela;PARMA;C;11
594;KERRIGAN Liam;COMO;C;9
595;KOFOD ANDERSEN Magnus;VENEZIA;C;17
596;KONE Ben Lhassine;COMO;C;6
717;KONE Manu;ROMA;C;33
597;KOOPMEINERS Teun;JUVENTUS;C;43
598;KOSTIC Filip;JUVENTUS;C;28
599;KOURFALIDIS Christos;CAGLIARI;C;4
600;KOVALENKO Viktor;ATALANTA;C;15
601;LAZOVIC Darko;VERONA;C;18
602;LE FEE Enzo;ROMA;C;20
603;LELLA Nunzio;VENEZIA;C;9
684;LIBERALI Mattia;MILAN;C;2
604;LINETTY Karol;TORINO;C;18
605;LISTKOWSKI Marcin;LECCE;C;6
606;LOBOTKA Stanislav;NAPOLI;C;38
607;LOCATELLI Manuel;JUVENTUS;C;36
608;LOFTUS-CHEEK Ruben;MILAN;C;30
609;LOVRIC Sandi;UDINESE;C;33
610;MACHIN José;MONZA;C;11
611;MAKOUMBOU Antoine;CAGLIARI;C;17
612;MALEH Youssef;EMPOLI;C;12
613;MALINOVSKIY Ruslan;GENOA;C;26
614;MANDRAGORA Rolando;FIORENTINA;C;34
704;MANZONI Alberto;ATALANTA;C;1
685;MARCHWINSKI Filip;LECCE;C;16
615;MARCOS ANTONIO -;LAZIO;C;11
616;MARIN Razvan;CAGLIARI;C;30
720;MARTINS Kevin;MONZA;C;1
722;MASINI Patrizio;GENOA;C;13
687;MAZZITELLI Luca;COMO;C;24
721;MCJANNET Ed;LECCE;C;1
617;MCKENNIE Weston;JUVENTUS;C;30
710;MCTOMINAY Scott;NAPOLI;C;56
618;MELEGONI Filippo;GENOA;C;6
619;MESSIAS Junior;GENOA;C;25
620;MIRANCHUK Aleksey;ATALANTA;C;31
621;MIRETTI Fabio;GENOA;C;20
622;MKHITARYAN Henrikh;INTER;C;46
623;MORO Nikola;BOLOGNA;C;18
624;MUSAH Yunus;MILAN;C;21
742;NDOUR Cher;FIORENTINA;C;15
746;NIASSE Cheikh;VERONA;C;5
625;NICOLUSSI CAVIGLIA Hans;VENEZIA;C;23
747;ONANA Jean;GENOA;C;10
738;ONDREJKA Jacob;PARMA;C;13
626;ORISTANIO Gaetano Pio;VENEZIA;C;22
627;OUDIN Remi;LECCE;C;16
726;OWUSU Augusto;JUVENTUS;C;1
737;PAFUNDI Simone;UDINESE;C;3
628;PAGANO Riccardo;ROMA;C;1
727;PAPADOPOULOS Christos;JUVENTUS;C;1
629;PAREDES Leandro;ROMA;C;34
630;PASALIC Mario;ATALANTA;C;44
631;PAYERO Martin;UDINESE;C;22
706;PAZ Nico;COMO;C;37
632;PEJICIC David;UDINESE;C;1
633;PELLEGRINI Lorenzo;ROMA;C;38
729;PERCIUN Sergiu;TORINO;C;1
634;PEREIRO Gaston;GENOA;C;9
740;PEREZ Kike;VENEZIA;C;9
707;PERRONE Maximo;COMO;C;13
635;PESSINA Matteo;MONZA;C;24
636;PIERRET Balthazar;LECCE;C;10
637;PISILLI Niccolo;ROMA;C;20
731;PLICCO Elia;PARMA;C;1
638;POBEGA Tommaso;BOLOGNA;C;21
639;PORTANOVA Manolo;GENOA;C;13
640;PRASZELIK Mateusz;VERONA;C;4
641;PRATI Matteo;CAGLIARI;C;13
642;PYYHTIA Niklas;BOLOGNA;C;3
555;QUINA Domingos;UDINESE;C;3
643;RADONJIC Nemanja;TORINO;C;17
644;RAFIA Hamza;LECCE;C;10
645;RAMADANI Ylber;LECCE;C;15
646;RAZI Naj;COMO;C;1
647;REIJNDERS Tijjani;MILAN;C;54
648;RICCI Samuele;TORINO;C;37
698;RICHARDSON Amir;FIORENTINA;C;21
649;ROVELLA Nicolo;LAZIO;C;34
724;RUBINO Tommaso;FIORENTINA;C;1
650;SABIRI Abdelhamid;FIORENTINA;C;22
651;SAELEMAEKERS Alexis;ROMA;C;42
652;SAMARDZIC Lazar;ATALANTA;C;44
653;SAMEK Daniel;LECCE;C;2
697;SENSI Stefano;MONZA;C;17
654;SERDAR Suat;VERONA;C;22
714;SISHUBA Ayanda;VERONA;C;1
655;SOHM Simon;PARMA;C;21
656;SOULE Matias;ROMA;C;34
657;STREFEZZA Gabriel;COMO;C;37
658;SULEMANA -;ATALANTA;C;17
659;SUSLOV Tomas;VERONA;C;17
660;SVOBODA Michael;VENEZIA;C;7
661;TAMEZE Adrien;TORINO;C;24
662;TCHAOUNA Loum;LAZIO;C;28
663;TCHATCHOUA Jackson;VERONA;C;15
664;TESSMANN Tanner;VENEZIA;C;23
665;THORSBY Morten;GENOA;C;16
666;THURAM Khéphren;JUVENTUS;C;44
748;TOMCZYK Oskar;BOLOGNA;C;1
667;TOPALOVIC Luka;INTER;C;1
668;TRAORE Chaka;MILAN;C;3
669;URBANSKI Kacper;MONZA;C;8
670;VALOTI Mattia;MONZA;C;13
671;VECINO Matias;LAZIO;C;31
672;VERDI Simone;COMO;C;20
673;VIGNATO Samuele;MONZA;C;9
674;VIOLA Nicolas;CAGLIARI;C;25
675;VLASIC Nikola;TORINO;C;36
711;VOS Silvano;MILAN;C;4
676;WEAH Timothy;JUVENTUS;C;39
677;ZALEWSKI Nicola;INTER;C;18
678;ZANIOLO Nicolò;FIORENTINA;C;42
679;ZARRAGA Oier;UDINESE;C;12
680;ZERBIN Alessio;VENEZIA;C;19
681;ZEROLI Kevin;MONZA;C;2
682;ZIELINSKI Piotr;INTER;C;46
690;ZURKOWSKI Szymon;EMPOLI;C;17
969;ABDELRAHMAN ZEENI Bilal;COMO;A;3
800;ABRAHAM Tammy;MILAN;A;38
970;ACCORNERO Federico;GENOA;A;1
939;ADAMS Che;TORINO;A;49
962;ALIDOU Faride;VERONA;A;11
953;ALMQVIST Pontus;PARMA;A;14
966;ANGHELE Lorenzo;JUVENTUS;A;1
801;ANKEYE David;GENOA;A;8
802;ARAMU Mattia;GENOA;A;19
803;ARNAUTOVIC Marko;INTER;A;41
994;AZON Ivan;COMO;A;9
996;BAL Jesse;PARMA;A;1
982;BALDE Mahamadou;LAZIO;A;1
974;BALOTELLI Mario;GENOA;A;28
804;BANDA Lameck;LECCE;A;20
805;BELOTTI Andrea;COMO;A;32
806;BELTRAN Lucas;FIORENTINA;A;45
807;BENEDYCZAK Adrian;PARMA;A;19
808;BJARKASON Bjarki;VENEZIA;A;11
809;BONNY Ange-Yoan;PARMA;A;24
810;BRAAF Jayden;VERONA;A;8
948;BRAVO Iker;UDINESE;A;15
811;BREKALO Josip;FIORENTINA;A;18
812;BRENNER -;UDINESE;A;19
813;BURNETE Rares;LECCE;A;1
814;CAMARDA Francesco;MILAN;A;6
815;CAMBIAGHI Nicolo;BOLOGNA;A;23
977;CAMPANIELLO Thomas;EMPOLI;A;1
816;CAPRARI Gianluca;MONZA;A;25
817;CAPUTO Francesco;EMPOLI;A;32
818;CARBONI Valentín;INTER;A;27
819;CASTELLANOS Valentin;LAZIO;A;64
820;CASTRO Santiago;BOLOGNA;A;36
821;CERRI Alberto;COMO;A;9
822;CHARPENTIER Gabriel;PARMA;A;21
823;CHEDDIRA Walid;NAPOLI;A;39
824;CHIESA Federico;JUVENTUS;A;49
976;CHINETTI Federico;COMO;A;1
961;CHUKWU Akpa;EMPOLI;A;3
825;COLAK Antonio-Mirko;PARMA;A;15
826;COLOMBO Lorenzo;EMPOLI;A;28
993;COMAN Florinel;CAGLIARI;A;17
963;CONCEICAO Francisco;JUVENTUS;A;42
981;CORNET Maxwel;GENOA;A;15
827;CORREA Joaquin;INTER;A;38
828;CRUZ Juan Manuel;VERONA;A;6
829;CUTRONE Patrick;COMO;A;38
940;DALLINGA Thijs;BOLOGNA;A;39
830;DAMIAN PIZARRO Pizarro;UDINESE;A;9
832;DANY MOTA -;MONZA;A;23
833;DAVIS Keinan;UDINESE;A;23
834;DE KETELAERE Charles;ATALANTA;A;60
984;DE PIERI Giacomo;INTER;A;1
835;DEULOFEU Gerard;UDINESE;A;32
957;DIA Boulaye;LAZIO;A;58
978;DIAO Assane;COMO;A;23
836;DIAW Davide;MONZA;A;9
837;DJURIC Milan;PARMA;A;29
964;DOMINGUEZ Benjamin;BOLOGNA;A;31
989;DOUVIKAS Tasos;COMO;A;15
949;DOVBYK Artem;ROMA;A;56
838;DYBALA Paulo;ROMA;A;71
944;EBONE Tommaso;BOLOGNA;A;1
943;EKHATOR Jeff;GENOA;A;8
839;EKONG Emmanuel;EMPOLI;A;8
840;EKUBAN Caleb;GENOA;A;20
841;ELLERTSSON Mikael;VENEZIA;A;14
842;ESPOSITO Sebastiano;EMPOLI;A;34
954;FADERA Alieu;COMO;A;19
843;FAVILLI Andrea;GENOA;A;15
992;FELIX Joao;MILAN;A;48
995;FILA Daniel;VENEZIA;A;11
844;FINI Seydou;GENOA;A;2
845;FORSON Omari;MONZA;A;10
846;GABRIELLONI Alessandro;COMO;A;21
987;GANVOULA Silvere;MONZA;A;8
985;GIMENEZ Santiago;MILAN;A;69
847;GIOACCHINI Nicholas;COMO;A;6
849;GONZALEZ Diego;LAZIO;A;1
848;GONZALEZ Nicolas;JUVENTUS;A;39
850;GUDMUNDSSON Albert;FIORENTINA;A;49
851;GYASI Emmanuel;EMPOLI;A;19
852;GYTKJAER Christian;VENEZIA;A;17
853;IKONE Jonathan;COMO;A;22
854;ISAKSEN Gustav;LAZIO;A;37
941;JASIM Ali;COMO;A;7
855;JOVIC Luka;MILAN;A;30
856;KALLON Yayah;VERONA;A;7
857;KARAMOH Yann;TORINO;A;20
858;KARLSSON Jesper;LECCE;A;18
859;KEAN Moise;FIORENTINA;A;68
860;KOUAME Christian;EMPOLI;A;28
861;KOWALSKI Mateusz;PARMA;A;1
862;KRSTOVIC Nikola;LECCE;A;38
863;KVARATSKHELIA Khvicha;NAPOLI;A;70
973;LAMBOURDE Mathis;VERONA;A;1
864;LAPADULA Gianluca;CAGLIARI;A;28
865;LASAGNA Kevin;VERONA;A;8
866;LEAO Rafael;MILAN;A;54
942;LIVRAMENTO Dailon;VERONA;A;15
867;LOOKMAN Ademola;ATALANTA;A;73
868;LUCCA Lorenzo;UDINESE;A;50
967;LUKAKU Romelu;NAPOLI;A;76
869;LUVUMBO Zito;CAGLIARI;A;26
870;MALDINI Daniel;ATALANTA;A;21
871;MAN Dennis;PARMA;A;26
872;MARIC Mirko;VENEZIA;A;6
873;MARTINEZ Lautaro;INTER;A;89
874;MATHEUS MARTINS -;UDINESE;A;18
959;MBANGULA Samuel;JUVENTUS;A;23
875;MIHAILA Valentin;PARMA;A;19
876;MIKOLAJEWSKI Daniel;PARMA;A;1
877;MILIK Arek;JUVENTUS;A;27
878;MITROVIC Stefan;VERONA;A;15
879;MORATA Alvaro;MILAN;A;61
926;MORENTE Tete;LECCE;A;24
831;MOSQUERA Daniel;VERONA;A;25
980;MUANI Kolo;JUVENTUS;A;55
880;MUNTEANU Louis;FIORENTINA;A;4
881;MUSTAPHA Marlon;COMO;A;4
882;MUTANDWA Kingstone;CAGLIARI;A;7
986;N'DRI Konan;LECCE;A;13
883;NABIAN Herculano;EMPOLI;A;1
884;NDOYE Dan;BOLOGNA;A;37
956;NERES David;NAPOLI;A;53
885;NGONGE Cyril;NAPOLI;A;28
958;NJIE Fallou;TORINO;A;10
886;NOSLIN Tijjani;LAZIO;A;39
887;NOVAKOVICH Andrija;VENEZIA;A;11
888;NZOLA M'Bala;FIORENTINA;A;35
889;ODGAARD Jens;BOLOGNA;A;40
890;OKAFOR Noah;NAPOLI;A;29
979;OMOREGBE Bob;MILAN;A;1
891;ORSOLINI Riccardo;BOLOGNA;A;59
892;OSIMHEN Victor;NAPOLI;A;90
893;PAJAC Marko;GENOA;A;5
894;PARTIPILO Anthony;PARMA;A;12
895;PAVOLETTI Leonardo;CAGLIARI;A;16
896;PEDRO -;LAZIO;A;44
988;PEDROLA Estanis;BOLOGNA;A;8
897;PELLEGRI Pietro;EMPOLI;A;27
990;PELLEGRINO Mateo;PARMA;A;7
898;PETAGNA Andrea;MONZA;A;25
899;PICCOLI Roberto;CAGLIARI;A;37
900;PIERINI Nicholas;VENEZIA;A;17
901;PIEROTTI Santiago;LECCE;A;26
955;PINAMONTI Andrea;GENOA;A;46
947;PISANO Manuel;COMO;A;1
902;POHJANPALO Joel;VENEZIA;A;33
903;POLITANO Matteo;NAPOLI;A;50
975;PUGNO Diego;JUVENTUS;A;1
904;PULISIC Christian;MILAN;A;61
905;PUSCAS George;GENOA;A;14
906;RAIMONDO Antonio;VENEZIA;A;2
907;RASPADORI Giacomo;NAPOLI;A;35
965;REBIC Ante;LECCE;A;12
908;REDAN Daishawn;VENEZIA;A;12
909;RETEGUI Mateo;ATALANTA;A;92
910;RODRIGUEZ Pablo;LECCE;A;10
951;ROMANO Thiago;INTER;A;1
991;SALAMA Amine;TORINO;A;10
911;SALCEDO Eddie;INTER;A;10
912;SANA FERNANDES -;LAZIO;A;1
913;SANABRIA Antonio;TORINO;A;29
952;SANCHEZ Alexis;UDINESE;A;34
914;SANSONE Nicola;LECCE;A;18
960;SARR Amin;VERONA;A;19
915;SATRIANO Martin;INTER;A;12
971;SAVVA Zanos;TORINO;A;1
916;SCAMACCA Gianluca;ATALANTA;A;61
917;SECK Demba;TORINO;A;5
918;SHOMURODOV Eldor;ROMA;A;23
919;SHPENDI Stiven;EMPOLI;A;12
920;SIMEONE Giovanni;NAPOLI;A;39
921;SOLBAKKEN Ola;EMPOLI;A;11
922;SOTTIL Riccardo;MILAN;A;29
923;SUCCESS Isaac;UDINESE;A;25
924;TAREMI Mehdi;INTER;A;47
925;TAVSAN Elayis;VERONA;A;14
950;TENGSTEDT Casper;VERONA;A;25
927;THAUVIN Florian;UDINESE;A;39
928;THURAM Marcus;INTER;A;90
929;TOURE El Bilal;ATALANTA;A;29
930;VAN HOOIJDONK Sydney;BOLOGNA;A;7
945;VAVASSORI Dominic;ATALANTA;A;1
983;VENTURINO Lorenzo;GENOA;A;1
931;VITINHA -;GENOA;A;24
932;VIVALDO Semedo;UDINESE;A;4
933;VLAHOVIC Dusan;JUVENTUS;A;77
972;VLAHOVIC Vanja;ATALANTA;A;1
946;VOELKERLING PERSSON Joel;LECCE;A;3
934;YALCIN Guven;GENOA;A;12
968;YEBOAH John;VENEZIA;A;8
935;YEBOAH Kelvin;GENOA;A;6
936;YILDIZ Kenan;JUVENTUS;A;47
937;ZACCAGNI Mattia;LAZIO;A;59
938;ZAPATA Duvan;TORINO;A;51
